,MAPE,RMSE,MAE,Time_ms
LinearRegression,11.48980251503447,40.21591588219865,28.93575795376566,14.525954000419006
HoltWinters,54.88293724468303,208.09339202156235,175.36358498445637,29543.881826997676
ARIMA,63.364655029132976,138.86149341359237,119.58953579775041,18593.014681999193
SVR,10.926753783278716,40.18956106046864,29.10756106925309,6164.043379001669
RegressionTree,10.728613973030074,40.69982031625821,29.057836442351597,431.8571019975934
XGBoost,10.389347613084484,38.06867423993045,28.054745428188774,1241.0788950001006
LightGBM,9.880567334561876,36.02660576907397,26.57084729150742,5276.064491001307
NN_1_Layer,10.507220690120896,37.68442048839033,27.720135109397024,20479.081530000258
NN_3_Layer,10.08455091902221,36.48473621352475,26.977508334914106,22530.764294999244
